"id"	"name"	"office"	"sex"	"age"	"height"	"weight"
"1"	"Alex ""M"" 41 74 170"	"MainOffice"	"MainOffice"	"MainOffice"	"MainOffice"	"MainOffice"
"1"	"Alex ""M"" 41 74 170"	"MainOffice"	"MainOffice"	"MainOffice"	"MainOffice"	"MainOffice"
"2"	"Bert ""M"" 42 68 166"	"MainOffice"	"MainOffice"	"MainOffice"	"MainOffice"	"MainOffice"
"1"	"Alex ""M"" 41 74 170"	"MainOffice"	"MainOffice"	"MainOffice"	"MainOffice"	"MainOffice"
"2"	"Bert ""M"" 42 68 166"	"MainOffice"	"MainOffice"	"MainOffice"	"MainOffice"	"MainOffice"
"3"	"Carl ""M"" 32 70 155"	"MainOffice"	"MainOffice"	"MainOffice"	"MainOffice"	"MainOffice"
"1"	"Alex ""M"" 41 74 170"	"MainOffice"	"MainOffice"	"MainOffice"	"MainOffice"	"MainOffice"
"2"	"Bert ""M"" 42 68 166"	"MainOffice"	"MainOffice"	"MainOffice"	"MainOffice"	"MainOffice"
"3"	"Carl ""M"" 32 70 155"	"MainOffice"	"MainOffice"	"MainOffice"	"MainOffice"	"MainOffice"
"4"	"Dave ""M"" 39 72 167"	"MainOffice"	"MainOffice"	"MainOffice"	"MainOffice"	"MainOffice"
"1"	"Alex ""M"" 41 74 170"	"MainOffice"	"MainOffice"	"MainOffice"	"MainOffice"	"MainOffice"
"2"	"Bert ""M"" 42 68 166"	"MainOffice"	"MainOffice"	"MainOffice"	"MainOffice"	"MainOffice"
"3"	"Carl ""M"" 32 70 155"	"MainOffice"	"MainOffice"	"MainOffice"	"MainOffice"	"MainOffice"
"4"	"Dave ""M"" 39 72 167"	"MainOffice"	"MainOffice"	"MainOffice"	"MainOffice"	"MainOffice"
"5"	"Elly ""F"" 30 66 124"	"MainOffice"	"MainOffice"	"MainOffice"	"MainOffice"	"MainOffice"
"1"	"Alex ""M"" 41 74 170"	"MainOffice"	"MainOffice"	"MainOffice"	"MainOffice"	"MainOffice"
"2"	"Bert ""M"" 42 68 166"	"MainOffice"	"MainOffice"	"MainOffice"	"MainOffice"	"MainOffice"
"3"	"Carl ""M"" 32 70 155"	"MainOffice"	"MainOffice"	"MainOffice"	"MainOffice"	"MainOffice"
"4"	"Dave ""M"" 39 72 167"	"MainOffice"	"MainOffice"	"MainOffice"	"MainOffice"	"MainOffice"
"5"	"Elly ""F"" 30 66 124"	"MainOffice"	"MainOffice"	"MainOffice"	"MainOffice"	"MainOffice"
"6"	"Fran ""F"" 33 66 115"	"MainOffice"	"MainOffice"	"MainOffice"	"MainOffice"	"MainOffice"
"1"	"Alex ""M"" 41 74 170"	"MainOffice"	"MainOffice"	"MainOffice"	"MainOffice"	"MainOffice"
"2"	"Bert ""M"" 42 68 166"	"MainOffice"	"MainOffice"	"MainOffice"	"MainOffice"	"MainOffice"
"3"	"Carl ""M"" 32 70 155"	"MainOffice"	"MainOffice"	"MainOffice"	"MainOffice"	"MainOffice"
"4"	"Dave ""M"" 39 72 167"	"MainOffice"	"MainOffice"	"MainOffice"	"MainOffice"	"MainOffice"
"5"	"Elly ""F"" 30 66 124"	"MainOffice"	"MainOffice"	"MainOffice"	"MainOffice"	"MainOffice"
"6"	"Fran ""F"" 33 66 115"	"MainOffice"	"MainOffice"	"MainOffice"	"MainOffice"	"MainOffice"
"7"	"Gwen ""F"" 26 64 121"	"MainOffice"	"MainOffice"	"MainOffice"	"MainOffice"	"MainOffice"
"1"	"Alex ""M"" 41 74 170"	"MainOffice"	"MainOffice"	"MainOffice"	"MainOffice"	"MainOffice"
"2"	"Bert ""M"" 42 68 166"	"MainOffice"	"MainOffice"	"MainOffice"	"MainOffice"	"MainOffice"
"3"	"Carl ""M"" 32 70 155"	"MainOffice"	"MainOffice"	"MainOffice"	"MainOffice"	"MainOffice"
"4"	"Dave ""M"" 39 72 167"	"MainOffice"	"MainOffice"	"MainOffice"	"MainOffice"	"MainOffice"
"5"	"Elly ""F"" 30 66 124"	"MainOffice"	"MainOffice"	"MainOffice"	"MainOffice"	"MainOffice"
"6"	"Fran ""F"" 33 66 115"	"MainOffice"	"MainOffice"	"MainOffice"	"MainOffice"	"MainOffice"
"7"	"Gwen ""F"" 26 64 121"	"MainOffice"	"MainOffice"	"MainOffice"	"MainOffice"	"MainOffice"
"8"	"Hank ""M"" 30 71 158"	"MainOffice"	"MainOffice"	"MainOffice"	"MainOffice"	"MainOffice"
"1"	"Alex ""M"" 41 74 170"	"MainOffice"	"MainOffice"	"MainOffice"	"MainOffice"	"MainOffice"
"2"	"Bert ""M"" 42 68 166"	"MainOffice"	"MainOffice"	"MainOffice"	"MainOffice"	"MainOffice"
"3"	"Carl ""M"" 32 70 155"	"MainOffice"	"MainOffice"	"MainOffice"	"MainOffice"	"MainOffice"
"4"	"Dave ""M"" 39 72 167"	"MainOffice"	"MainOffice"	"MainOffice"	"MainOffice"	"MainOffice"
"5"	"Elly ""F"" 30 66 124"	"MainOffice"	"MainOffice"	"MainOffice"	"MainOffice"	"MainOffice"
"6"	"Fran ""F"" 33 66 115"	"MainOffice"	"MainOffice"	"MainOffice"	"MainOffice"	"MainOffice"
"7"	"Gwen ""F"" 26 64 121"	"MainOffice"	"MainOffice"	"MainOffice"	"MainOffice"	"MainOffice"
"8"	"Hank ""M"" 30 71 158"	"MainOffice"	"MainOffice"	"MainOffice"	"MainOffice"	"MainOffice"
"9"	"Ivan ""M"" 53 72 175"	"MainOffice"	"MainOffice"	"MainOffice"	"MainOffice"	"MainOffice"
"1"	"Alex ""M"" 41 74 170"	"MainOffice"	"MainOffice"	"MainOffice"	"MainOffice"	"MainOffice"
"2"	"Bert ""M"" 42 68 166"	"MainOffice"	"MainOffice"	"MainOffice"	"MainOffice"	"MainOffice"
"3"	"Carl ""M"" 32 70 155"	"MainOffice"	"MainOffice"	"MainOffice"	"MainOffice"	"MainOffice"
"4"	"Dave ""M"" 39 72 167"	"MainOffice"	"MainOffice"	"MainOffice"	"MainOffice"	"MainOffice"
"5"	"Elly ""F"" 30 66 124"	"MainOffice"	"MainOffice"	"MainOffice"	"MainOffice"	"MainOffice"
"6"	"Fran ""F"" 33 66 115"	"MainOffice"	"MainOffice"	"MainOffice"	"MainOffice"	"MainOffice"
"7"	"Gwen ""F"" 26 64 121"	"MainOffice"	"MainOffice"	"MainOffice"	"MainOffice"	"MainOffice"
"8"	"Hank ""M"" 30 71 158"	"MainOffice"	"MainOffice"	"MainOffice"	"MainOffice"	"MainOffice"
"9"	"Ivan ""M"" 53 72 175"	"MainOffice"	"MainOffice"	"MainOffice"	"MainOffice"	"MainOffice"
"10"	"Jake ""M"" 32 69 143"	"MainOffice"	"MainOffice"	"MainOffice"	"MainOffice"	"MainOffice"
"1"	"Alex ""M"" 41 74 170"	"MainOffice"	"MainOffice"	"MainOffice"	"MainOffice"	"MainOffice"
"2"	"Bert ""M"" 42 68 166"	"MainOffice"	"MainOffice"	"MainOffice"	"MainOffice"	"MainOffice"
"3"	"Carl ""M"" 32 70 155"	"MainOffice"	"MainOffice"	"MainOffice"	"MainOffice"	"MainOffice"
"4"	"Dave ""M"" 39 72 167"	"MainOffice"	"MainOffice"	"MainOffice"	"MainOffice"	"MainOffice"
"5"	"Elly ""F"" 30 66 124"	"MainOffice"	"MainOffice"	"MainOffice"	"MainOffice"	"MainOffice"
"6"	"Fran ""F"" 33 66 115"	"MainOffice"	"MainOffice"	"MainOffice"	"MainOffice"	"MainOffice"
"7"	"Gwen ""F"" 26 64 121"	"MainOffice"	"MainOffice"	"MainOffice"	"MainOffice"	"MainOffice"
"8"	"Hank ""M"" 30 71 158"	"MainOffice"	"MainOffice"	"MainOffice"	"MainOffice"	"MainOffice"
"9"	"Ivan ""M"" 53 72 175"	"MainOffice"	"MainOffice"	"MainOffice"	"MainOffice"	"MainOffice"
"10"	"Jake ""M"" 32 69 143"	"MainOffice"	"MainOffice"	"MainOffice"	"MainOffice"	"MainOffice"
"11"	"Kate ""F"" 47 69 139"	"MainOffice"	"MainOffice"	"MainOffice"	"MainOffice"	"MainOffice"
"1"	"Alex ""M"" 41 74 170"	"MainOffice"	"MainOffice"	"MainOffice"	"MainOffice"	"MainOffice"
"2"	"Bert ""M"" 42 68 166"	"MainOffice"	"MainOffice"	"MainOffice"	"MainOffice"	"MainOffice"
"3"	"Carl ""M"" 32 70 155"	"MainOffice"	"MainOffice"	"MainOffice"	"MainOffice"	"MainOffice"
"4"	"Dave ""M"" 39 72 167"	"MainOffice"	"MainOffice"	"MainOffice"	"MainOffice"	"MainOffice"
"5"	"Elly ""F"" 30 66 124"	"MainOffice"	"MainOffice"	"MainOffice"	"MainOffice"	"MainOffice"
"6"	"Fran ""F"" 33 66 115"	"MainOffice"	"MainOffice"	"MainOffice"	"MainOffice"	"MainOffice"
"7"	"Gwen ""F"" 26 64 121"	"MainOffice"	"MainOffice"	"MainOffice"	"MainOffice"	"MainOffice"
"8"	"Hank ""M"" 30 71 158"	"MainOffice"	"MainOffice"	"MainOffice"	"MainOffice"	"MainOffice"
"9"	"Ivan ""M"" 53 72 175"	"MainOffice"	"MainOffice"	"MainOffice"	"MainOffice"	"MainOffice"
"10"	"Jake ""M"" 32 69 143"	"MainOffice"	"MainOffice"	"MainOffice"	"MainOffice"	"MainOffice"
"11"	"Kate ""F"" 47 69 139"	"MainOffice"	"MainOffice"	"MainOffice"	"MainOffice"	"MainOffice"
"12"	"Luke""M 34 72 163"	"MainOffice"	"MainOffice"	"MainOffice"	"MainOffice"	"MainOffice"
"1"	"Alex ""M"" 41 74 170"	"MainOffice"	"MainOffice"	"MainOffice"	"MainOffice"	"MainOffice"
"2"	"Bert ""M"" 42 68 166"	"MainOffice"	"MainOffice"	"MainOffice"	"MainOffice"	"MainOffice"
"3"	"Carl ""M"" 32 70 155"	"MainOffice"	"MainOffice"	"MainOffice"	"MainOffice"	"MainOffice"
"4"	"Dave ""M"" 39 72 167"	"MainOffice"	"MainOffice"	"MainOffice"	"MainOffice"	"MainOffice"
"5"	"Elly ""F"" 30 66 124"	"MainOffice"	"MainOffice"	"MainOffice"	"MainOffice"	"MainOffice"
"6"	"Fran ""F"" 33 66 115"	"MainOffice"	"MainOffice"	"MainOffice"	"MainOffice"	"MainOffice"
"7"	"Gwen ""F"" 26 64 121"	"MainOffice"	"MainOffice"	"MainOffice"	"MainOffice"	"MainOffice"
"8"	"Hank ""M"" 30 71 158"	"MainOffice"	"MainOffice"	"MainOffice"	"MainOffice"	"MainOffice"
"9"	"Ivan ""M"" 53 72 175"	"MainOffice"	"MainOffice"	"MainOffice"	"MainOffice"	"MainOffice"
"10"	"Jake ""M"" 32 69 143"	"MainOffice"	"MainOffice"	"MainOffice"	"MainOffice"	"MainOffice"
"11"	"Kate ""F"" 47 69 139"	"MainOffice"	"MainOffice"	"MainOffice"	"MainOffice"	"MainOffice"
"12"	"Luke""M 34 72 163"	"MainOffice"	"MainOffice"	"MainOffice"	"MainOffice"	"MainOffice"
"13"	"Myra ""F"" 23 62 98"	"MainOffice"	"MainOffice"	"MainOffice"	"MainOffice"	"MainOffice"
"1"	"Alex ""M"" 41 74 170"	"MainOffice"	"MainOffice"	"MainOffice"	"MainOffice"	"MainOffice"
"2"	"Bert ""M"" 42 68 166"	"MainOffice"	"MainOffice"	"MainOffice"	"MainOffice"	"MainOffice"
"3"	"Carl ""M"" 32 70 155"	"MainOffice"	"MainOffice"	"MainOffice"	"MainOffice"	"MainOffice"
"4"	"Dave ""M"" 39 72 167"	"MainOffice"	"MainOffice"	"MainOffice"	"MainOffice"	"MainOffice"
"5"	"Elly ""F"" 30 66 124"	"MainOffice"	"MainOffice"	"MainOffice"	"MainOffice"	"MainOffice"
"6"	"Fran ""F"" 33 66 115"	"MainOffice"	"MainOffice"	"MainOffice"	"MainOffice"	"MainOffice"
"7"	"Gwen ""F"" 26 64 121"	"MainOffice"	"MainOffice"	"MainOffice"	"MainOffice"	"MainOffice"
"8"	"Hank ""M"" 30 71 158"	"MainOffice"	"MainOffice"	"MainOffice"	"MainOffice"	"MainOffice"
"9"	"Ivan ""M"" 53 72 175"	"MainOffice"	"MainOffice"	"MainOffice"	"MainOffice"	"MainOffice"
"10"	"Jake ""M"" 32 69 143"	"MainOffice"	"MainOffice"	"MainOffice"	"MainOffice"	"MainOffice"
"11"	"Kate ""F"" 47 69 139"	"MainOffice"	"MainOffice"	"MainOffice"	"MainOffice"	"MainOffice"
"12"	"Luke""M 34 72 163"	"MainOffice"	"MainOffice"	"MainOffice"	"MainOffice"	"MainOffice"
"13"	"Myra ""F"" 23 62 98"	"MainOffice"	"MainOffice"	"MainOffice"	"MainOffice"	"MainOffice"
"14"	"Neil ""M"" 36 75 160"	"MainOffice"	"MainOffice"	"MainOffice"	"MainOffice"	"MainOffice"
"1"	"Alex ""M"" 41 74 170"	"MainOffice"	"MainOffice"	"MainOffice"	"MainOffice"	"MainOffice"
"2"	"Bert ""M"" 42 68 166"	"MainOffice"	"MainOffice"	"MainOffice"	"MainOffice"	"MainOffice"
"3"	"Carl ""M"" 32 70 155"	"MainOffice"	"MainOffice"	"MainOffice"	"MainOffice"	"MainOffice"
"4"	"Dave ""M"" 39 72 167"	"MainOffice"	"MainOffice"	"MainOffice"	"MainOffice"	"MainOffice"
"5"	"Elly ""F"" 30 66 124"	"MainOffice"	"MainOffice"	"MainOffice"	"MainOffice"	"MainOffice"
"6"	"Fran ""F"" 33 66 115"	"MainOffice"	"MainOffice"	"MainOffice"	"MainOffice"	"MainOffice"
"7"	"Gwen ""F"" 26 64 121"	"MainOffice"	"MainOffice"	"MainOffice"	"MainOffice"	"MainOffice"
"8"	"Hank ""M"" 30 71 158"	"MainOffice"	"MainOffice"	"MainOffice"	"MainOffice"	"MainOffice"
"9"	"Ivan ""M"" 53 72 175"	"MainOffice"	"MainOffice"	"MainOffice"	"MainOffice"	"MainOffice"
"10"	"Jake ""M"" 32 69 143"	"MainOffice"	"MainOffice"	"MainOffice"	"MainOffice"	"MainOffice"
"11"	"Kate ""F"" 47 69 139"	"MainOffice"	"MainOffice"	"MainOffice"	"MainOffice"	"MainOffice"
"12"	"Luke""M 34 72 163"	"MainOffice"	"MainOffice"	"MainOffice"	"MainOffice"	"MainOffice"
"13"	"Myra ""F"" 23 62 98"	"MainOffice"	"MainOffice"	"MainOffice"	"MainOffice"	"MainOffice"
"14"	"Neil ""M"" 36 75 160"	"MainOffice"	"MainOffice"	"MainOffice"	"MainOffice"	"MainOffice"
"15"	"Omar ""M"" 38 70 145"	"MainOffice"	"MainOffice"	"MainOffice"	"MainOffice"	"MainOffice"
"1"	"Alex ""M"" 41 74 170"	"MainOffice"	"MainOffice"	"MainOffice"	"MainOffice"	"MainOffice"
"2"	"Bert ""M"" 42 68 166"	"MainOffice"	"MainOffice"	"MainOffice"	"MainOffice"	"MainOffice"
"3"	"Carl ""M"" 32 70 155"	"MainOffice"	"MainOffice"	"MainOffice"	"MainOffice"	"MainOffice"
"4"	"Dave ""M"" 39 72 167"	"MainOffice"	"MainOffice"	"MainOffice"	"MainOffice"	"MainOffice"
"5"	"Elly ""F"" 30 66 124"	"MainOffice"	"MainOffice"	"MainOffice"	"MainOffice"	"MainOffice"
"6"	"Fran ""F"" 33 66 115"	"MainOffice"	"MainOffice"	"MainOffice"	"MainOffice"	"MainOffice"
"7"	"Gwen ""F"" 26 64 121"	"MainOffice"	"MainOffice"	"MainOffice"	"MainOffice"	"MainOffice"
"8"	"Hank ""M"" 30 71 158"	"MainOffice"	"MainOffice"	"MainOffice"	"MainOffice"	"MainOffice"
"9"	"Ivan ""M"" 53 72 175"	"MainOffice"	"MainOffice"	"MainOffice"	"MainOffice"	"MainOffice"
"10"	"Jake ""M"" 32 69 143"	"MainOffice"	"MainOffice"	"MainOffice"	"MainOffice"	"MainOffice"
"11"	"Kate ""F"" 47 69 139"	"MainOffice"	"MainOffice"	"MainOffice"	"MainOffice"	"MainOffice"
"12"	"Luke""M 34 72 163"	"MainOffice"	"MainOffice"	"MainOffice"	"MainOffice"	"MainOffice"
"13"	"Myra ""F"" 23 62 98"	"MainOffice"	"MainOffice"	"MainOffice"	"MainOffice"	"MainOffice"
"14"	"Neil ""M"" 36 75 160"	"MainOffice"	"MainOffice"	"MainOffice"	"MainOffice"	"MainOffice"
"15"	"Omar ""M"" 38 70 145"	"MainOffice"	"MainOffice"	"MainOffice"	"MainOffice"	"MainOffice"
"16"	"Page ""F"" 31 67 135"	"MainOffice"	"MainOffice"	"MainOffice"	"MainOffice"	"MainOffice"
"1"	"Alex ""M"" 41 74 170"	"MainOffice"	"MainOffice"	"MainOffice"	"MainOffice"	"MainOffice"
"2"	"Bert ""M"" 42 68 166"	"MainOffice"	"MainOffice"	"MainOffice"	"MainOffice"	"MainOffice"
"3"	"Carl ""M"" 32 70 155"	"MainOffice"	"MainOffice"	"MainOffice"	"MainOffice"	"MainOffice"
"4"	"Dave ""M"" 39 72 167"	"MainOffice"	"MainOffice"	"MainOffice"	"MainOffice"	"MainOffice"
"5"	"Elly ""F"" 30 66 124"	"MainOffice"	"MainOffice"	"MainOffice"	"MainOffice"	"MainOffice"
"6"	"Fran ""F"" 33 66 115"	"MainOffice"	"MainOffice"	"MainOffice"	"MainOffice"	"MainOffice"
"7"	"Gwen ""F"" 26 64 121"	"MainOffice"	"MainOffice"	"MainOffice"	"MainOffice"	"MainOffice"
"8"	"Hank ""M"" 30 71 158"	"MainOffice"	"MainOffice"	"MainOffice"	"MainOffice"	"MainOffice"
"9"	"Ivan ""M"" 53 72 175"	"MainOffice"	"MainOffice"	"MainOffice"	"MainOffice"	"MainOffice"
"10"	"Jake ""M"" 32 69 143"	"MainOffice"	"MainOffice"	"MainOffice"	"MainOffice"	"MainOffice"
"11"	"Kate ""F"" 47 69 139"	"MainOffice"	"MainOffice"	"MainOffice"	"MainOffice"	"MainOffice"
"12"	"Luke""M 34 72 163"	"MainOffice"	"MainOffice"	"MainOffice"	"MainOffice"	"MainOffice"
"13"	"Myra ""F"" 23 62 98"	"MainOffice"	"MainOffice"	"MainOffice"	"MainOffice"	"MainOffice"
"14"	"Neil ""M"" 36 75 160"	"MainOffice"	"MainOffice"	"MainOffice"	"MainOffice"	"MainOffice"
"15"	"Omar ""M"" 38 70 145"	"MainOffice"	"MainOffice"	"MainOffice"	"MainOffice"	"MainOffice"
"16"	"Page ""F"" 31 67 135"	"MainOffice"	"MainOffice"	"MainOffice"	"MainOffice"	"MainOffice"
"17"	"Quin""M 29 71 176"	"MainOffice"	"MainOffice"	"MainOffice"	"MainOffice"	"MainOffice"
"1"	"Alex ""M"" 41 74 170"	"MainOffice"	"MainOffice"	"MainOffice"	"MainOffice"	"MainOffice"
"2"	"Bert ""M"" 42 68 166"	"MainOffice"	"MainOffice"	"MainOffice"	"MainOffice"	"MainOffice"
"3"	"Carl ""M"" 32 70 155"	"MainOffice"	"MainOffice"	"MainOffice"	"MainOffice"	"MainOffice"
"4"	"Dave ""M"" 39 72 167"	"MainOffice"	"MainOffice"	"MainOffice"	"MainOffice"	"MainOffice"
"5"	"Elly ""F"" 30 66 124"	"MainOffice"	"MainOffice"	"MainOffice"	"MainOffice"	"MainOffice"
"6"	"Fran ""F"" 33 66 115"	"MainOffice"	"MainOffice"	"MainOffice"	"MainOffice"	"MainOffice"
"7"	"Gwen ""F"" 26 64 121"	"MainOffice"	"MainOffice"	"MainOffice"	"MainOffice"	"MainOffice"
"8"	"Hank ""M"" 30 71 158"	"MainOffice"	"MainOffice"	"MainOffice"	"MainOffice"	"MainOffice"
"9"	"Ivan ""M"" 53 72 175"	"MainOffice"	"MainOffice"	"MainOffice"	"MainOffice"	"MainOffice"
"10"	"Jake ""M"" 32 69 143"	"MainOffice"	"MainOffice"	"MainOffice"	"MainOffice"	"MainOffice"
"11"	"Kate ""F"" 47 69 139"	"MainOffice"	"MainOffice"	"MainOffice"	"MainOffice"	"MainOffice"
"12"	"Luke""M 34 72 163"	"MainOffice"	"MainOffice"	"MainOffice"	"MainOffice"	"MainOffice"
"13"	"Myra ""F"" 23 62 98"	"MainOffice"	"MainOffice"	"MainOffice"	"MainOffice"	"MainOffice"
"14"	"Neil ""M"" 36 75 160"	"MainOffice"	"MainOffice"	"MainOffice"	"MainOffice"	"MainOffice"
"15"	"Omar ""M"" 38 70 145"	"MainOffice"	"MainOffice"	"MainOffice"	"MainOffice"	"MainOffice"
"16"	"Page ""F"" 31 67 135"	"MainOffice"	"MainOffice"	"MainOffice"	"MainOffice"	"MainOffice"
"17"	"Quin""M 29 71 176"	"MainOffice"	"MainOffice"	"MainOffice"	"MainOffice"	"MainOffice"
"18"	"Ruth""F 28 65 131"	"MainOffice"	"MainOffice"	"MainOffice"	"MainOffice"	"MainOffice"
